#For user_simple
INSERT INTO `forum`.`user_simple` (`username`, `passwd`, `role`, `status`) VALUES ('u1', '1234', '0', '0');
INSERT INTO `forum`.`user_simple` (`username`, `passwd`, `role`, `status`) VALUES ('u2', '2345', '0', '0');
INSERT INTO `forum`.`user_simple` (`username`, `passwd`, `role`, `status`) VALUES ('u3', '1234', '0', '1');
INSERT INTO `forum`.`user_simple` (`username`, `passwd`, `role`, `status`) VALUES ('u4', '1234', '0', '0');
INSERT INTO `forum`.`user_simple` (`username`, `passwd`, `role`, `status`) VALUES ('u5', '1234', '0', '0');
INSERT INTO `forum`.`user_simple` (`username`, `passwd`, `role`, `status`) VALUES ('u6', '1234', '0', '0');
INSERT INTO `forum`.`user_simple` (`username`, `passwd`, `role`, `status`) VALUES ('u7', '1234', '0', '0');
INSERT INTO `forum`.`user_simple` (`username`, `passwd`, `role`, `status`) VALUES ('u8', '1234', '0', '0');
INSERT INTO `forum`.`user_simple` (`username`, `passwd`, `role`, `status`) VALUES ('u9', '1234', '1', '1');
INSERT INTO `forum`.`user_simple` (`username`, `passwd`, `role`, `status`) VALUES ('u10', '1234', '1', '0');
INSERT INTO `forum`.`user_simple` (`username`, `passwd`, `role`, `status`) VALUES ('u11', '1234', '1', '0');
INSERT INTO `forum`.`user_simple` (`username`, `passwd`, `role`, `status`) VALUES ('u12', '1234', '1', '0');
INSERT INTO `forum`.`user_simple` (`username`, `passwd`, `role`, `status`) VALUES ('u13', '1234', '1', '0');
INSERT INTO `forum`.`user_simple` (`username`, `passwd`, `role`, `status`) VALUES ('u14', '1234', '1', '0');
INSERT INTO `forum`.`user_simple` (`username`, `passwd`, `role`, `status`) VALUES ('u15', '1234', '1', '0');
INSERT INTO `forum`.`user_simple` (`username`, `passwd`, `role`, `status`) VALUES ('u16', '1234', '1', '0');
INSERT INTO `forum`.`user_simple` (`username`, `passwd`, `role`, `status`) VALUES ('u17', '1234', '1', '0');
INSERT INTO `forum`.`user_simple` (`username`, `passwd`, `role`, `status`) VALUES ('u18', '1234', '1', '0');
INSERT INTO `forum`.`user_simple` (`username`, `passwd`, `role`, `status`) VALUES ('u19', '1234', '1', '0');
INSERT INTO `forum`.`user_simple` (`username`, `passwd`, `role`, `status`) VALUES ('u20', '1234', '1', '0');
INSERT INTO `forum`.`user_simple` (`username`, `passwd`, `role`, `status`) VALUES ('u21', '1234', '1', '0');
INSERT INTO `forum`.`user_simple` (`username`, `passwd`, `role`, `status`) VALUES ('u22', '1234', '1', '0');
INSERT INTO `forum`.`user_simple` (`username`, `passwd`, `role`, `status`) VALUES ('u23', '1234', '1', '1');
INSERT INTO `forum`.`user_simple` (`username`, `passwd`, `role`, `status`) VALUES ('u24', '1234', '1', '0');
INSERT INTO `forum`.`user_simple` (`username`, `passwd`, `role`, `status`) VALUES ('u25', '1234', '1', '0');
INSERT INTO `forum`.`user_simple` (`username`, `passwd`, `role`, `status`) VALUES ('u26', '1234', '1', '0');
INSERT INTO `forum`.`user_simple` (`username`, `passwd`, `role`, `status`) VALUES ('u27', '1234', '1', '0');
INSERT INTO `forum`.`user_simple` (`username`, `passwd`, `role`, `status`) VALUES ('u28', '1234', '1', '0');
INSERT INTO `forum`.`user_simple` (`username`, `passwd`, `role`, `status`) VALUES ('u29', '1234', '1', '0');
INSERT INTO `forum`.`user_simple` (`username`, `passwd`, `role`, `status`) VALUES ('u30', '1234', '1', '0');
INSERT INTO `forum`.`user_simple` (`username`, `passwd`, `role`, `status`) VALUES ('u31', '1234', '1', '0');
INSERT INTO `forum`.`user_simple` (`username`, `passwd`, `role`, `status`) VALUES ('u32', '1234', '1', '0');
INSERT INTO `forum`.`user_simple` (`username`, `passwd`, `role`, `status`) VALUES ('u33', '1234', '1', '1');
INSERT INTO `forum`.`user_simple` (`username`, `passwd`, `role`, `status`) VALUES ('u34', '1234', '1', '0');
INSERT INTO `forum`.`user_simple` (`username`, `passwd`, `role`, `status`) VALUES ('u35', '1234', '1', '0');
INSERT INTO `forum`.`user_simple` (`username`, `passwd`, `role`, `status`) VALUES ('u36', '1234', '1', '0');
INSERT INTO `forum`.`user_simple` (`username`, `passwd`, `role`, `status`) VALUES ('u37', '1234', '1', '0');
INSERT INTO `forum`.`user_simple` (`username`, `passwd`, `role`, `status`) VALUES ('u38', '1234', '1', '0');
INSERT INTO `forum`.`user_simple` (`username`, `passwd`, `role`, `status`) VALUES ('u39', '1234', '1', '0');
INSERT INTO `forum`.`user_simple` (`username`, `passwd`, `role`, `status`) VALUES ('u40', '1234', '1', '0');
INSERT INTO `forum`.`user_simple` (`username`, `passwd`, `role`, `status`) VALUES ('u41', '1234', '1', '0');
INSERT INTO `forum`.`user_simple` (`username`, `passwd`, `role`, `status`) VALUES ('u42', '1234', '2', '0');
INSERT INTO `forum`.`user_simple` (`username`, `passwd`, `role`, `status`) VALUES ('u43', '1234', '2', '0');
INSERT INTO `forum`.`user_simple` (`username`, `passwd`, `role`, `status`) VALUES ('u44', '1234', '2', '0');
INSERT INTO `forum`.`user_simple` (`username`, `passwd`, `role`, `status`) VALUES ('u45', '1234', '2', '1');
INSERT INTO `forum`.`user_simple` (`username`, `passwd`, `role`, `status`) VALUES ('u46', '1234', '2', '0');
INSERT INTO `forum`.`user_simple` (`username`, `passwd`, `role`, `status`) VALUES ('u47', '1234', '2', '0');
INSERT INTO `forum`.`user_simple` (`username`, `passwd`, `role`, `status`) VALUES ('u48', '1234', '2', '0');
INSERT INTO `forum`.`user_simple` (`username`, `passwd`, `role`, `status`) VALUES ('u49', '1234', '2', '0');
INSERT INTO `forum`.`user_simple` (`username`, `passwd`, `role`, `status`) VALUES ('u50', '1234', '2', '0');

#for user_details
INSERT INTO `forum`.`user_details` (`u_id`, `photo`, `gender`, `description`, `phone`, `email`) VALUES ('1', '1', 'M', '好好学习', '123456789123', '123@qq.com');
INSERT INTO `forum`.`user_details` (`u_id`, `photo`, `gender`, `description`, `phone`) VALUES ('2', '1', 'M', '好好学习', '123456789123');
INSERT INTO `forum`.`user_details` (`u_id`, `photo`, `gender`, `description`, `phone`, `email`) VALUES ('3', '1', 'M', '好好学习', '123456789123', '123@qq.com');
INSERT INTO `forum`.`user_details` (`u_id`, `photo`, `gender`, `description`, `phone`, `email`) VALUES ('4', '1', 'M', '好好学习', '123456789123', '123@qq.com');
INSERT INTO `forum`.`user_details` (`u_id`, `photo`, `gender`, `description`, `email`) VALUES ('5', '1', 'M', '好好学习', '123@qq.com');
INSERT INTO `forum`.`user_details` (`u_id`, `photo`, `gender`, `description`, `phone`) VALUES ('6', '1', 'M', '好好学习', '123456789123');
INSERT INTO `forum`.`user_details` (`u_id`, `photo`, `gender`, `description`) VALUES ('7', '1', 'M', '好好学习');
INSERT INTO `forum`.`user_details` (`u_id`, `photo`, `gender`, `description`, `phone`, `email`) VALUES ('8', '1', 'M', '好好学习', '123456789123', '123@qq.com');
INSERT INTO `forum`.`user_details` (`u_id`, `photo`, `gender`, `description`) VALUES ('9', '1', 'M', '好好学习');
INSERT INTO `forum`.`user_details` (`u_id`, `photo`, `gender`, `description`) VALUES ('10', '1', 'M', '好好学习');
INSERT INTO `forum`.`user_details` (`u_id`, `photo`, `gender`, `description`, `phone`, `email`) VALUES ('11', '1', 'M', '好好学习', '123456789123', '123@qq.com');
INSERT INTO `forum`.`user_details` (`u_id`, `photo`, `gender`, `description`) VALUES ('12', '1', 'M', '好好学习');
INSERT INTO `forum`.`user_details` (`u_id`, `photo`, `gender`, `description`) VALUES ('13', '1', 'M', '天天向上');
INSERT INTO `forum`.`user_details` (`u_id`, `photo`, `gender`, `description`, `phone`, `email`) VALUES ('14', '1', 'M', '天天向上', '123456789123', '123@qq.com');
INSERT INTO `forum`.`user_details` (`u_id`, `photo`, `gender`, `description`) VALUES ('15', '1', 'M', '天天向上');
INSERT INTO `forum`.`user_details` (`u_id`, `photo`, `gender`, `description`) VALUES ('16', '1', 'M', '天天向上');
INSERT INTO `forum`.`user_details` (`u_id`, `photo`, `gender`, `description`, `email`) VALUES ('17', '1', 'M', '天天向上', '123@qq.com');
INSERT INTO `forum`.`user_details` (`u_id`, `photo`, `gender`, `description`) VALUES ('18', '1', 'M', '天天向上');
INSERT INTO `forum`.`user_details` (`u_id`, `photo`, `gender`, `description`, `phone`) VALUES ('19', '1', 'M', '天天向上', '123456789123');
INSERT INTO `forum`.`user_details` (`u_id`, `photo`, `gender`, `description`, `phone`, `email`) VALUES ('20', '1', 'M', '天天向上', '123456789123', '123@qq.com');
INSERT INTO `forum`.`user_details` (`u_id`, `photo`, `gender`, `description`, `phone`) VALUES ('21', '1', 'M', '天天向上', '123456789123');
INSERT INTO `forum`.`user_details` (`u_id`, `photo`, `gender`, `description`, `phone`) VALUES ('22', '1', 'M', '天天向上', '123456789123');
INSERT INTO `forum`.`user_details` (`u_id`, `photo`, `gender`, `description`, `phone`, `email`) VALUES ('23', '1', 'M', '天天向上', '123456789123', '123@qq.com');
INSERT INTO `forum`.`user_details` (`u_id`, `photo`, `gender`, `description`, `phone`) VALUES ('24', '1', 'M', '软件工程', '123456789123');
INSERT INTO `forum`.`user_details` (`u_id`, `photo`, `gender`, `description`, `phone`) VALUES ('25', '1', 'M', '软件工程', '123456789123');
INSERT INTO `forum`.`user_details` (`u_id`, `photo`, `gender`, `description`, `phone`, `email`) VALUES ('26', '1', 'M', '软件工程', '123456789123', '123@qq.com');
INSERT INTO `forum`.`user_details` (`u_id`, `photo`, `gender`, `description`, `phone`) VALUES ('27', '1', 'M', '软件工程', '123456789123');
INSERT INTO `forum`.`user_details` (`u_id`, `photo`, `gender`, `description`, `phone`) VALUES ('28', '1', 'M', '软件工程', '123456789123');
INSERT INTO `forum`.`user_details` (`u_id`, `photo`, `gender`, `description`, `phone`, `email`) VALUES ('29', '1', 'M', '软件工程', '123456789123', '123@qq.com');
INSERT INTO `forum`.`user_details` (`u_id`, `photo`, `gender`, `description`, `phone`) VALUES ('30', '1', 'M', '软件工程', '123456789123');
INSERT INTO `forum`.`user_details` (`u_id`, `photo`, `gender`, `description`, `phone`) VALUES ('31', '1', 'M', '软件工程', '123456789123');
INSERT INTO `forum`.`user_details` (`u_id`, `photo`, `gender`, `description`, `phone`, `email`) VALUES ('32', '1', 'F', '软件工程', '123456789123', '123@qq.com');
INSERT INTO `forum`.`user_details` (`u_id`, `photo`, `gender`, `description`, `phone`) VALUES ('33', '1', 'F', '软件工程', '123456789123');
INSERT INTO `forum`.`user_details` (`u_id`, `photo`, `gender`, `description`, `phone`) VALUES ('34', '1', 'F', '软件工程', '123456789123');
INSERT INTO `forum`.`user_details` (`u_id`, `photo`, `gender`, `description`, `email`) VALUES ('35', '1', 'F', '软件工程', '123@qq.com');
INSERT INTO `forum`.`user_details` (`u_id`, `photo`, `gender`, `description`, `phone`) VALUES ('36', '1', 'F', '软件工程', '123456789123');
INSERT INTO `forum`.`user_details` (`u_id`, `photo`, `gender`, `description`) VALUES ('37', '1', 'F', '软件工程');
INSERT INTO `forum`.`user_details` (`u_id`, `photo`, `gender`, `description`, `email`) VALUES ('38', '1', 'F', '软件工程', '123@qq.com');
INSERT INTO `forum`.`user_details` (`u_id`, `photo`, `gender`, `description`, `phone`) VALUES ('39', '1', 'F', '软件工程', '123456789123');
INSERT INTO `forum`.`user_details` (`u_id`, `photo`, `gender`, `description`, `phone`, `email`) VALUES ('40', '1', 'F', '软件工程', '123456789123', '123@qq.com');
INSERT INTO `forum`.`user_details` (`u_id`, `photo`, `gender`, `description`) VALUES ('41', '1', 'F', '软件工程');
INSERT INTO `forum`.`user_details` (`u_id`, `photo`, `gender`, `description`, `email`) VALUES ('42', '1', 'F', '软件工程', '123@qq.com');
INSERT INTO `forum`.`user_details` (`u_id`, `photo`, `gender`, `description`) VALUES ('43', '1', 'F', '软件工程');
INSERT INTO `forum`.`user_details` (`u_id`, `photo`, `gender`, `description`, `email`) VALUES ('44', '1', 'F', '软件工程', '123@qq.com');
INSERT INTO `forum`.`user_details` (`u_id`, `photo`, `gender`, `description`, `phone`, `email`) VALUES ('45', '1', 'F', '软件工程', '123456789123', '123@qq.com');
INSERT INTO `forum`.`user_details` (`u_id`, `photo`, `gender`, `description`, `phone`) VALUES ('46', '1', 'F', '软件工程', '123456789123');
INSERT INTO `forum`.`user_details` (`u_id`, `photo`, `gender`, `description`, `phone`, `email`) VALUES ('47', '1', 'F', '软件工程', '123456789123', '123@qq.com');
INSERT INTO `forum`.`user_details` (`u_id`, `photo`, `gender`, `description`, `email`) VALUES ('48', '1', 'F', '软件工程', '123@qq.com');
INSERT INTO `forum`.`user_details` (`u_id`, `photo`, `gender`, `description`) VALUES ('49', '1', 'F', '软件工程');
INSERT INTO `forum`.`user_details` (`u_id`, `photo`, `gender`, `description`, `phone`, `email`) VALUES ('50', '1', 'F', '软件工程', '123456789123', '123@qq.com');

#for forum_board
INSERT INTO `forum`.`forum_board` (`b_name`, `description`) VALUES ('b1', 'd1');
INSERT INTO `forum`.`forum_board` (`b_name`, `description`) VALUES ('b2', 'd2');
INSERT INTO `forum`.`forum_board` (`b_name`, `description`) VALUES ('b3', 'd3');
INSERT INTO `forum`.`forum_board` (`b_name`, `description`) VALUES ('b4', 'd4');
INSERT INTO `forum`.`forum_board` (`b_name`, `description`) VALUES ('b5', 'd5');
INSERT INTO `forum`.`forum_board` (`b_name`, `description`) VALUES ('b6', 'd6');
INSERT INTO `forum`.`forum_board` (`b_name`, `description`) VALUES ('b7', 'd7');
INSERT INTO `forum`.`forum_board` (`b_name`, `description`) VALUES ('b8', 'd8');
INSERT INTO `forum`.`forum_board` (`b_name`, `description`) VALUES ('b9', 'd9');
INSERT INTO `forum`.`forum_board` (`b_name`, `description`) VALUES ('b10', 'd10');
INSERT INTO `forum`.`forum_board` (`b_name`, `description`) VALUES ('b11', 'd11');
INSERT INTO `forum`.`forum_board` (`b_name`, `description`) VALUES ('b12', 'd12');
INSERT INTO `forum`.`forum_board` (`b_name`, `description`) VALUES ('b13', 'd13');
INSERT INTO `forum`.`forum_board` (`b_name`, `description`) VALUES ('b14', 'd14');
INSERT INTO `forum`.`forum_board` (`b_name`, `description`) VALUES ('b15', 'd15');
INSERT INTO `forum`.`forum_board` (`b_name`, `description`) VALUES ('b16', 'd16');
INSERT INTO `forum`.`forum_board` (`b_name`, `description`) VALUES ('b17', 'd17');
INSERT INTO `forum`.`forum_board` (`b_name`, `description`) VALUES ('b18', 'd18');
INSERT INTO `forum`.`forum_board` (`b_name`, `description`) VALUES ('b19', 'd19');
INSERT INTO `forum`.`forum_board` (`b_name`, `description`) VALUES ('b20', 'd20');
INSERT INTO `forum`.`forum_board` (`b_name`, `description`) VALUES ('b21', 'd21');
INSERT INTO `forum`.`forum_board` (`b_name`, `description`) VALUES ('b22', 'd22');
INSERT INTO `forum`.`forum_board` (`b_name`, `description`) VALUES ('b23', 'd23');
INSERT INTO `forum`.`forum_board` (`b_name`, `description`) VALUES ('b24', 'd24');

#for post_topic
INSERT INTO `forum`.`posts_topic` (`title`, `author_id`, `author`, `board_id`, `is_announcement`) VALUES ('我的天呐', '1', 'u1', '1', '0');
INSERT INTO `forum`.`posts_topic` (`title`, `author_id`, `author`, `board_id`, `is_announcement`) VALUES ('不吹不黑', '1', 'u1', '3', '0');
INSERT INTO `forum`.`posts_topic` (`title`, `author_id`, `author`, `board_id`, `is_announcement`) VALUES ('科比打爆詹姆斯', '2', 'u2', '2', '0');
INSERT INTO `forum`.`posts_topic` (`title`, `author_id`, `author`, `board_id`, `is_announcement`) VALUES ('库里和哈登是亲兄弟', '7', 'u7', '2', '0');
INSERT INTO `forum`.`posts_topic` (`title`, `author_id`, `author`, `board_id`, `is_announcement`) VALUES ('卫平布莱恩特', '10', 'u10', '2', '0');
INSERT INTO `forum`.`posts_topic` (`title`, `author_id`, `author`, `board_id`, `is_announcement`) VALUES ('软工好烦', '13', 'u13', '2', '0');
INSERT INTO `forum`.`posts_topic` (`title`, `author_id`, `author`, `board_id`, `is_announcement`) VALUES ('不想插数据', '3', 'u3', '2', '0');
INSERT INTO `forum`.`posts_topic` (`title`, `author_id`, `author`, `board_id`, `is_announcement`) VALUES ('是时候bg了', '2', 'u2', '4', '0');
INSERT INTO `forum`.`posts_topic` (`title`, `author_id`, `author`, `board_id`, `is_announcement`) VALUES ('从前有座山', '1', 'u1', '5', '0');
INSERT INTO `forum`.`posts_topic` (`title`, `author_id`, `author`, `board_id`, `is_announcement`) VALUES ('傲娇的学妹', '6', 'u6', '1', '0');
INSERT INTO `forum`.`posts_topic` (`title`, `author_id`, `author`, `board_id`, `is_announcement`) VALUES ('天天向上', '24', 'u24', '1', '1');
INSERT INTO `forum`.`posts_topic` (`title`, `author_id`, `author`, `board_id`, `is_announcement`) VALUES ('奔跑吧兄弟', '26', 'u26', '1', '0');
INSERT INTO `forum`.`posts_topic` (`title`, `author_id`, `author`, `board_id`, `is_announcement`) VALUES ('快乐大本营', '23', 'u23', '1', '0');
INSERT INTO `forum`.`posts_topic` (`title`, `author_id`, `author`, `board_id`, `is_announcement`) VALUES ('日了狗了', '2', 'u2', '1', '0');
INSERT INTO `forum`.`posts_topic` (`title`, `author_id`, `author`, `board_id`, `is_announcement`) VALUES ('考试周要爆炸', '2', 'u2', '1', '0');
INSERT INTO `forum`.`posts_topic` (`title`, `author_id`, `author`, `board_id`, `is_announcement`) VALUES ('还是先睡觉吧', '35', 'u35', '1', '0');
INSERT INTO `forum`.`posts_topic` (`title`, `author_id`, `author`, `board_id`, `is_announcement`) VALUES ('怎么能睡觉呢', '21', 'u21', '1', '1');
INSERT INTO `forum`.`posts_topic` (`title`, `author_id`, `author`, `board_id`, `is_announcement`) VALUES ('不睡觉会死的', '42', 'u42', '1', '0');
INSERT INTO `forum`.`posts_topic` (`title`, `author_id`, `author`, `board_id`, `is_announcement`) VALUES ('平凡的世界', '1', 'u1', '1', '0');
INSERT INTO `forum`.`posts_topic` (`title`, `author_id`, `author`, `board_id`, `is_announcement`) VALUES ('最爱J罗', '7', 'u7', '1', '0');
INSERT INTO `forum`.`posts_topic` (`title`, `author_id`, `author`, `board_id`, `is_announcement`) VALUES ('春暖花开', '1', 'u1', '1', '0');
INSERT INTO `forum`.`posts_topic` (`title`, `author_id`, `author`, `board_id`, `is_announcement`) VALUES ('不想写作业', '15', 'u15', '1', '0');
INSERT INTO `forum`.`posts_topic` (`title`, `author_id`, `author`, `board_id`, `is_announcement`) VALUES ('代码好多', '36', 'u36', '1', '0');
INSERT INTO `forum`.`posts_topic` (`title`, `author_id`, `author`, `board_id`, `is_announcement`) VALUES ('自己好渣', '36', 'u36', '1', '0');
INSERT INTO `forum`.`posts_topic` (`title`, `author_id`, `author`, `board_id`, `is_announcement`) VALUES ('想要怒放的生命', '36', 'u36', '1', '0');
INSERT INTO `forum`.`posts_topic` (`title`, `author_id`, `author`, `board_id`, `is_announcement`) VALUES ('圣保罗爷爷', '2', 'u2', '1', '0');
INSERT INTO `forum`.`posts_topic` (`title`, `author_id`, `author`, `board_id`, `is_announcement`) VALUES ('十年火密', '2', 'u2', '1', '0');
INSERT INTO `forum`.`posts_topic` (`title`, `author_id`, `author`, `board_id`, `is_announcement`) VALUES ('求高效学习的方法', '2', 'u2', '1', '0');
INSERT INTO `forum`.`posts_topic` (`title`, `author_id`, `author`, `board_id`, `is_announcement`) VALUES ('J罗好强', '1', 'u2', '1', '1');

#for posts_content
INSERT INTO `forum`.`posts_content` (`p_id`, `content`, `attachment`) VALUES ('1', '这是一个法律咨询的网站，比较简单。 ', '-1');
INSERT INTO `forum`.`posts_content` (`p_id`, `content`, `attachment`) VALUES ('2', '需求描述如下。', '-1');
INSERT INTO `forum`.`posts_content` (`p_id`, `content`, `attachment`) VALUES ('3', '首页', '-1');
INSERT INTO `forum`.`posts_content` (`p_id`, `content`, `attachment`) VALUES ('4', '简单的法律咨询网站，类似百度、Google 的首页，客户只需输入其想要了解的法律问题，有三种选项的服务模式（约见律师、会员极速回复、3个工作日免费回复），按确认键即可；', '-1');
INSERT INTO `forum`.`posts_content` (`p_id`, `content`, `attachment`) VALUES ('5', '二级页面', '-1');
INSERT INTO `forum`.`posts_content` (`p_id`, `content`, `attachment`) VALUES ('6', '第二级页面根据三种模式不同而不同。', '-1');
INSERT INTO `forum`.`posts_content` (`p_id`, `content`, `attachment`) VALUES ('7', '2.1、约见律师：该页面会介绍约见律师的费用及程序等；', '-1');
INSERT INTO `forum`.`posts_content` (`p_id`, `content`, `attachment`) VALUES ('8', '2.2、会员24小时极速回复页面有会员账号及密码、问题的确认（系统根据首页的输入自动生成）、期望回复的方式（电话、邮件），最后是一个确认键；', '-1');
INSERT INTO `forum`.`posts_content` (`p_id`, `content`, `attachment`) VALUES ('9', '2.3、3个工作日免费回复跟2.2相同，只是没有会员用户名和密码。', '-1');
INSERT INTO `forum`.`posts_content` (`p_id`, `content`, `attachment`) VALUES ('10', '三级页面', '-1');
INSERT INTO `forum`.`posts_content` (`p_id`, `content`, `attachment`) VALUES ('11', '三级页面就是客户点了确认之后新生成的页面，告知其提问单号及我们预计回复的时间，客户能看到的界面结束。', '-1');
INSERT INTO `forum`.`posts_content` (`p_id`, `content`, `attachment`) VALUES ('12', '会员系统', '-1');
INSERT INTO `forum`.`posts_content` (`p_id`, `content`, `attachment`) VALUES ('13', '另需一个会员系统，即对会员而言，他们可以从首页直接登录会员系统，然后进行提问，每次的提问可以保存，他们每次都可以看到此前的提问', '-1');
INSERT INTO `forum`.`posts_content` (`p_id`, `content`, `attachment`) VALUES ('14', '网站要求干净，简洁，明亮。对前端、美工要求稍微高一点，后端实现比较简单。', '-1');
INSERT INTO `forum`.`posts_content` (`p_id`, `content`, `attachment`) VALUES ('15', '面议。不会低于3k，视靠谱程度而定，只会多不会少', '-1');
INSERT INTO `forum`.`posts_content` (`p_id`, `content`, `attachment`) VALUES ('16', '手机17816858590 短信电话皆可', '-1');
INSERT INTO `forum`.`posts_content` (`p_id`, `content`, `attachment`) VALUES ('17', '英语真的烂。。。六级好像。。。440多分吧（当初都没好好考）。。。', '-1');
INSERT INTO `forum`.`posts_content` (`p_id`, `content`, `attachment`) VALUES ('18', '求问过来人。。。保研有明确要求说几分以上的嘛？', '-1');
INSERT INTO `forum`.`posts_content` (`p_id`, `content`, `attachment`) VALUES ('19', '还是说这英语成绩。。。基本会被刷的、、、、', '-1');
INSERT INTO `forum`.`posts_content` (`p_id`, `content`, `attachment`) VALUES ('20', '滨江区（紫金港、玉泉门口班车接送）城云科技公司正在研发一款新的互联网产品，', '-1');
INSERT INTO `forum`.`posts_content` (`p_id`, `content`, `attachment`) VALUES ('21', '1、熟悉photoshop/ai/sketch等绘图工具，具备手绘能力更佳；', '-1');
INSERT INTO `forum`.`posts_content` (`p_id`, `content`, `attachment`) VALUES ('22', '2、有一定的UI设计经验，有门户网站、专题页面的设计经验者更佳；', '-1');
INSERT INTO `forum`.`posts_content` (`p_id`, `content`, `attachment`) VALUES ('23', '3、富有激情、富有创造性、热爱思考、乐于沟通、善于合作。', '-1');
INSERT INTO `forum`.`posts_content` (`p_id`, `content`, `attachment`) VALUES ('24', '·对互联网服务器大型架构感兴趣，nginx 即可  （后端）', '-1');
INSERT INTO `forum`.`posts_content` (`p_id`, `content`, `attachment`) VALUES ('25', '这是公司孵化的一个项目，很有前途，表现良好可直接留下，并成为新项目的核心成员', '-1');
INSERT INTO `forum`.`posts_content` (`p_id`, `content`, `attachment`) VALUES ('26', '当然不谈薪酬的招募都是耍流氓，实习期间200RMB/天  具体面谈', '-1');
INSERT INTO `forum`.`posts_content` (`p_id`, `content`, `attachment`) VALUES ('27', '如果你有学习能力，有热情，够聪明，以上条件都不是硬性的，大牛带你一起飞', '-1');
INSERT INTO `forum`.`posts_content` (`p_id`, `content`, `attachment`) VALUES ('28', '请骚扰我：   598958/15167169022     简历发送：whc@citycloud.com.cn', '-1');
INSERT INTO `forum`.`posts_content` (`p_id`, `content`, `attachment`) VALUES ('29', '顶顶帖子', '-1');

#for posts_reply
INSERT INTO `forum`.`posts_reply` (`p_id`, `replier_id`, `replier`, `content`) VALUES ('1', '1', 'u1', '急需PHP架构师一枚，校友有想来的么？');
INSERT INTO `forum`.`posts_reply` (`p_id`, `replier_id`, `replier`, `content`) VALUES ('1', '2', 'u2', '班级：计算机0301');
INSERT INTO `forum`.`posts_reply` (`p_id`, `replier_id`, `replier`, `content`) VALUES ('1', '3', 'u3', '班级：计算机0301');
INSERT INTO `forum`.`posts_reply` (`p_id`, `replier_id`, `replier`, `content`) VALUES ('1', '4', 'u4', '班级：计算机0301');
INSERT INTO `forum`.`posts_reply` (`p_id`, `replier_id`, `replier`, `content`) VALUES ('1', '5', 'u5', '班级：计算机0301');
INSERT INTO `forum`.`posts_reply` (`p_id`, `replier_id`, `replier`, `content`) VALUES ('1', '6', 'u6', '班级：计算机0301');
INSERT INTO `forum`.`posts_reply` (`p_id`, `replier_id`, `replier`, `content`) VALUES ('1', '7', 'u7', '班级：计算机0301');
INSERT INTO `forum`.`posts_reply` (`p_id`, `replier_id`, `replier`, `content`) VALUES ('1', '8', 'u8', '班级：计算机0301');
INSERT INTO `forum`.`posts_reply` (`p_id`, `replier_id`, `replier`, `content`) VALUES ('1', '9', 'u9', '班级：计算机0301');
INSERT INTO `forum`.`posts_reply` (`p_id`, `replier_id`, `replier`, `content`) VALUES ('1', '1', 'u1', '班级：计算机0301');
INSERT INTO `forum`.`posts_reply` (`p_id`, `replier_id`, `replier`, `content`) VALUES ('2', '2', 'u2', '班级：计算机0301');
INSERT INTO `forum`.`posts_reply` (`p_id`, `replier_id`, `replier`, `content`) VALUES ('2', '3', 'u3', '班级：计算机0301');
INSERT INTO `forum`.`posts_reply` (`p_id`, `replier_id`, `replier`, `content`) VALUES ('2', '4', 'u4', '班级：计算机0301');
INSERT INTO `forum`.`posts_reply` (`p_id`, `replier_id`, `replier`, `content`) VALUES ('2', '5', 'u5', '班级：计算机0301');
INSERT INTO `forum`.`posts_reply` (`p_id`, `replier_id`, `replier`, `content`) VALUES ('2', '6', 'u6', '班级：计算机0301');
INSERT INTO `forum`.`posts_reply` (`p_id`, `replier_id`, `replier`, `content`) VALUES ('2', '7', 'u7', '班级：计算机0301');
INSERT INTO `forum`.`posts_reply` (`p_id`, `replier_id`, `replier`, `content`) VALUES ('2', '8', 'u8', '班级：计算机0301');
INSERT INTO `forum`.`posts_reply` (`p_id`, `replier_id`, `replier`, `content`) VALUES ('2', '9', 'u9', '班级：计算机0301');
INSERT INTO `forum`.`posts_reply` (`p_id`, `replier_id`, `replier`, `content`) VALUES ('2', '1', 'u1', '班级：计算机0301');
INSERT INTO `forum`.`posts_reply` (`p_id`, `replier_id`, `replier`, `content`) VALUES ('2', '2', 'u2', '班级：计算机0301');
INSERT INTO `forum`.`posts_reply` (`p_id`, `replier_id`, `replier`, `content`) VALUES ('2', '3', 'u3', '班级：计算机0301');
INSERT INTO `forum`.`posts_reply` (`p_id`, `replier_id`, `replier`, `content`) VALUES ('2', '4', 'u4', '班级：计算机0301');
INSERT INTO `forum`.`posts_reply` (`p_id`, `replier_id`, `replier`, `content`) VALUES ('2', '5', 'u5', '班级：计算机0301');
INSERT INTO `forum`.`posts_reply` (`p_id`, `replier_id`, `replier`, `content`) VALUES ('2', '6', 'u6', '班级：计算机0301');
INSERT INTO `forum`.`posts_reply` (`p_id`, `replier_id`, `replier`, `content`) VALUES ('2', '7', 'u7', '班级：计算机0301');
INSERT INTO `forum`.`posts_reply` (`p_id`, `replier_id`, `replier`, `content`) VALUES ('2', '8', 'u8', '班级：计算机0301');
INSERT INTO `forum`.`posts_reply` (`p_id`, `replier_id`, `replier`, `content`) VALUES ('3', '9', 'u9', '班级：计算机0301');
INSERT INTO `forum`.`posts_reply` (`p_id`, `replier_id`, `replier`, `content`) VALUES ('3', '1', 'u1', '班级：计算机0301');
INSERT INTO `forum`.`posts_reply` (`p_id`, `replier_id`, `replier`, `content`) VALUES ('3', '2', 'u2', '班级：计算机0301');
INSERT INTO `forum`.`posts_reply` (`p_id`, `replier_id`, `replier`, `content`) VALUES ('3', '3', 'u3', '班级：计算机0301');
INSERT INTO `forum`.`posts_reply` (`p_id`, `replier_id`, `replier`, `content`) VALUES ('3', '4', 'u4', '班级：计算机0301');
INSERT INTO `forum`.`posts_reply` (`p_id`, `replier_id`, `replier`, `content`) VALUES ('3', '5', 'u5', '班级：计算机0301');
INSERT INTO `forum`.`posts_reply` (`p_id`, `replier_id`, `replier`, `content`) VALUES ('3', '6', 'u6', '班级：计算机0301');

#forum_message
INSERT INTO `forum`.`forum_message` (`sender_id`, `sender`, `receiver_id`, `content`) VALUES ('1', 'u1', '2', 'hello');
INSERT INTO `forum`.`forum_message` (`sender_id`, `sender`, `receiver_id`, `content`) VALUES ('1', 'u1', '2', 'hello');
INSERT INTO `forum`.`forum_message` (`sender_id`, `sender`, `receiver_id`, `content`) VALUES ('1', 'u1', '2', 'hello');
INSERT INTO `forum`.`forum_message` (`sender_id`, `sender`, `receiver_id`, `content`) VALUES ('1', 'u1', '2', 'hello');
INSERT INTO `forum`.`forum_message` (`sender_id`, `sender`, `receiver_id`, `content`) VALUES ('1', 'u1', '2', 'hello');
INSERT INTO `forum`.`forum_message` (`sender_id`, `sender`, `receiver_id`, `content`) VALUES ('1', 'u1', '2', 'hello');
INSERT INTO `forum`.`forum_message` (`sender_id`, `sender`, `receiver_id`, `content`) VALUES ('1', 'u1', '2', 'hello');
INSERT INTO `forum`.`forum_message` (`sender_id`, `sender`, `receiver_id`, `content`) VALUES ('1', 'u1', '2', 'hello');
INSERT INTO `forum`.`forum_message` (`sender_id`, `sender`, `receiver_id`, `content`) VALUES ('1', 'u1', '2', 'hello');
INSERT INTO `forum`.`forum_message` (`sender_id`, `sender`, `receiver_id`, `content`) VALUES ('1', 'u1', '2', 'hello');
INSERT INTO `forum`.`forum_message` (`sender_id`, `sender`, `receiver_id`, `content`) VALUES ('1', 'u1', '2', 'hello');
INSERT INTO `forum`.`forum_message` (`sender_id`, `sender`, `receiver_id`, `content`) VALUES ('1', 'u1', '2', 'hello');
INSERT INTO `forum`.`forum_message` (`sender_id`, `sender`, `receiver_id`, `content`) VALUES ('1', 'u1', '2', 'hello');
INSERT INTO `forum`.`forum_message` (`sender_id`, `sender`, `receiver_id`, `content`) VALUES ('1', 'u1', '2', 'hello');
INSERT INTO `forum`.`forum_message` (`sender_id`, `sender`, `receiver_id`, `content`) VALUES ('1', 'u1', '2', 'hello');
INSERT INTO `forum`.`forum_message` (`sender_id`, `sender`, `receiver_id`, `content`) VALUES ('1', 'u1', '2', 'hello');
INSERT INTO `forum`.`forum_message` (`sender_id`, `sender`, `receiver_id`, `content`) VALUES ('1', 'u1', '2', 'hello');
INSERT INTO `forum`.`forum_message` (`sender_id`, `sender`, `receiver_id`, `content`) VALUES ('1', 'u1', '2', 'hello');
INSERT INTO `forum`.`forum_message` (`sender_id`, `sender`, `receiver_id`, `content`) VALUES ('1', 'u1', '2', 'hello');
INSERT INTO `forum`.`forum_message` (`sender_id`, `sender`, `receiver_id`, `content`) VALUES ('1', 'u1', '2', 'hello');
INSERT INTO `forum`.`forum_message` (`sender_id`, `sender`, `receiver_id`, `content`) VALUES ('1', 'u1', '2', 'hello');
INSERT INTO `forum`.`forum_message` (`sender_id`, `sender`, `receiver_id`, `content`) VALUES ('2', 'u2', '1', 'hello');
INSERT INTO `forum`.`forum_message` (`sender_id`, `sender`, `receiver_id`, `content`) VALUES ('2', 'u2', '1', 'hello');
INSERT INTO `forum`.`forum_message` (`sender_id`, `sender`, `receiver_id`, `content`) VALUES ('2', 'u2', '1', 'hello');
INSERT INTO `forum`.`forum_message` (`sender_id`, `sender`, `receiver_id`, `content`) VALUES ('2', 'u2', '1', 'hello');
INSERT INTO `forum`.`forum_message` (`sender_id`, `sender`, `receiver_id`, `content`) VALUES ('2', 'u2', '1', 'hello');
INSERT INTO `forum`.`forum_message` (`sender_id`, `sender`, `receiver_id`, `content`) VALUES ('2', 'u2', '1', 'hello');
INSERT INTO `forum`.`forum_message` (`sender_id`, `sender`, `receiver_id`, `content`) VALUES ('2', 'u2', '1', 'hello');
INSERT INTO `forum`.`forum_message` (`sender_id`, `sender`, `receiver_id`, `content`) VALUES ('2', 'u2', '1', 'hello');
INSERT INTO `forum`.`forum_message` (`sender_id`, `sender`, `receiver_id`, `content`) VALUES ('2', 'u2', '1', 'hello');
INSERT INTO `forum`.`forum_message` (`sender_id`, `sender`, `receiver_id`, `content`) VALUES ('2', 'u2', '1', 'hello');
INSERT INTO `forum`.`forum_message` (`sender_id`, `sender`, `receiver_id`, `content`) VALUES ('2', 'u2', '1', 'hello');
INSERT INTO `forum`.`forum_message` (`sender_id`, `sender`, `receiver_id`, `content`) VALUES ('2', 'u2', '1', 'hello');
INSERT INTO `forum`.`forum_message` (`sender_id`, `sender`, `receiver_id`, `content`) VALUES ('2', 'u2', '1', 'hello');
INSERT INTO `forum`.`forum_message` (`sender_id`, `sender`, `receiver_id`, `content`) VALUES ('2', 'u2', '1', 'hello');
INSERT INTO `forum`.`forum_message` (`sender_id`, `sender`, `receiver_id`, `content`) VALUES ('2', 'u2', '1', 'hello');
INSERT INTO `forum`.`forum_message` (`sender_id`, `sender`, `receiver_id`, `content`) VALUES ('2', 'u2', '1', 'hello');
